1a_24_25VITD2Hm;0
1a_24_25VITD3Hm;0
1a_25VITD2Hm;0
1a_25VITD3Hm;0
25VITD2Hm;0
25VITD3Hm;0
34DHPHAMT;0
3HPCOAHYD;0
3HPPD;0
3HXKYNDCL;0
3HXKYNOXDA;0
3M4HDXPAC;0
3MOXTYROX;0
3NTD7l;0
42A12BOOX;0
4MPTNLtr;0
5HOXINDACTOXm;0
5HOXINOXDA;0
5HTRPDOX;0
5HXKYNDCL;0
5HXKYNOXDA;0
A_MANASE;0
A4GALTc;0
A4GNT1g;0
ABUTt2rL;0
ACACT8p;0
ACACT9p;0
ACGSm;0
ACOATA;0
ACODA;0
ACSOMT;0
ACSRTNMT;0
ACtg;0
ADEtl;0
ADHAPtx;0
ADNtl;0
ADPGLC;0
ADPMAN;0
ADPRDPm;0
ADSELK;0
AGLPC;0
AGLPED;0
AGLPET;0
AGLPH;0
AGLPR;0
AGLPT;0
AGPex;0
AGPRim;0
AGPSx;0
AHANDROSTANGLCte;0
AHANDROSTANGLCtr;0
AHCYStn;0
ALAt2rL;0
ALDD20x;0
ALDD20xm;0
ALKP;0
ALOX12;0
ALOX12R;0
ALOX15;0
AMACR2r;0
AMACRr;0
AMETtn;0
AMPtr;0
AP4AH1;0
APRTO2;0
AQCOBALt;0
ARTFR11;0
ARTFR12;0
ARTFR13;0
ARTFR202;0
ARTFR203;0
ARTFR204;0
ARTFR205;0
ARTFR206;0
ARTFR207;0
ARTFR208;0
ARTFR209;0
ARTFR210;0
ARTFR211;0
ARTFR212;0
ARTFR213;0
ARTFR31;0
ARTFR32;0
ARTFR33;0
ARTFR34;0
ARTFR41;0
ARTFR42;0
ARTFR43;0
ARTFR44;0
ARTFR45;0
ARTFR46;0
ARTFR51;0
ARTFR52;0
ARTFR53;0
ARTFR54;0
ARTFR55;0
ARTFR56;0
ARTFR57;0
ARTFR61;0
ARTPLM1;0
ARTPLM1m;0
ARTPLM2;0
ARTPLM2m;0
ARTPLM3;0
ARTPLM3m;0
BAMPPALDOXm;0
BBHOX;0
BDG2HCGHD;0
BTNt2m;0
BZt;0
BZtr;0
C2M26DCOAHLm;0
C2M26DCOAHLx;0
CBL2OR;0
CBL2tm;0
CBLATm;0
CBPPer;0
CBPter;0
CBR1;0
CCA_D3t;0
CCA_D3tm;0
CHSTEROLtg;0
CHTNASE;0
CITMCOAHm;0
CITMCOALm;0
CLPNDCPT1;0
CLPNDCPT2;0
CLPNDCRNt;0
CO2tg;0
CO2tn;0
COKECBESr;0
CPCTDTX;0
CRTNsyn;0
CRTSLtr;0
CRTSTRNtr;0
CSPG_At;0
CSPG_Bt;0
CSPG_Ct;0
CSPG_Dt;0
CSPG_Et;0
CYOOm2;0
CYSLYSL;0
CYSTAm;0
CYTDtl;0
DALAt2rL;0
DARGOp;0
DASCBH;0
DCIm;0
DCK1m;0
DEDOLP1_L;0
DEDOLP1_U;0
DEDOLP2_L;0
DEDOLP2_U;0
DEDOLR_L;0
DEDOLR_U;0
DHAPA;0
DHAPAx;0
DHEAStr;0
D_LACtm;0
DM_m_em_3gacpail_prot_hs_r_;0
DMHPTCRNCPT1;0
DNAMTn;0
DNAMTSEn;0
DOGULND1;0
DOGULND2;0
DOGULNO1;0
DOGULNO2;0
DOPAMT;0
DORNOp;0
DPROOp;0
ECGISOr;0
ECOAH1x;0
EGMESTr;0
EHGLAT;0
ENGASE;0
ENGASE2;0
ENMAN1g;0
ENMAN2g;0
ENMAN3g;0
ENMAN4g;0
ENMAN5g;0
ENMAN6g;0
EPCTX;0
ESTRIOLGLCte;0
ESTRIOLGLCtr;0
ESTRIOLtr;0
EX_ahandrostanglc(e);0
EX_aqcobal(e);0
EX_bz(e);0
EX_ca2(e);0
EX_cca_d3(e);0
EX_estriolglc(e);0
EX_hom_L(e);0
EX_k(e);0
EX_lipoate(e);0
EX_na1(e);0
EX_nifedipine(e);0
EX_peplys(e);0
EX_phyQ(e);0
EX_pro_D(e);0
EX_sel(e);0
EX_ser_D(e);0
EX_vitd2(e);0
EX_whtststerone(e);0
EX_xolest_hs(e);0
FA120ACPH;0
FA140ACPH;0
FA141ACPH;0
FA160ACPH;0
FA161ACPH;0
FA180ACPH;0
FA181ACPH;0
FA1821ACPH;0
FA1822ACPH;0
FA182ACPH;0
FORtrn;0
FRTT;0
FT;0
G1M6MASNB1terg;0
G1M7MASNBterg;0
G1M7MASNCterg;0
G1M8MASNterg;0
G1PTT;0
G2M8MASNterg;0
G3M8MASNterg;0
GALNACT1g;0
GALNACT2g;0
GALNACT3g;0
GALNACT4g;0
GALNACT5g;0
GALOR;0
GALT2g;0
GALTg;0
GAO1;0
GAO2;0
GCALDDm;0
GGT_L;0
GGT_U;0
GHMT3;0
GHMT3m;0
GK1m;0
GLACO;0
GLACOm;0
GLCAE1g;0
GLCAE2g;0
GLCAT2g;0
GLCAT3g;0
GLCAT4g;0
GLCAT5g;0
GLCAT6g;0
GLCAT7g;0
GLCAT8g;0
GLCAT9g;0
GLCATg;0
GLCNACDASg;0
GLCNACT1g;0
GLCNACT2g;0
GLCNACT3g;0
GLCNACT4g;0
GLCNACT5g;0
GLYCLTDym;0
GLYOXm;0
GLYt2rL;0
GPAMm_hs;0
GSNKm;0
GSNtl;0
GSNtm;0
GTPCI;0
GTPCIn;0
GTPtn;0
H2CO3Dm;0
H8MTer_L;0
H8MTer_U;0
HACD1x;0
HEXCCPT1;0
HEXCCPT2;0
HEXCCRNt;0
HISTASE;0
HMGCOARr;0
HPYRDCm;0
HSD3B13;0
HSPGt;0
HXANtl;0
IMACTD;0
IMACTD_m;0
INSKm;0
INStl;0
INStm;0
IPDPtr;0
Kt3g;0
LACZly;0
LCADi_Dm;0
LCADim;0
LCTStl;0
LCYSTATm;0
LDH_Lm;0
LEUKTRB4tr;0
LGNCCPT1;0
LGNCCPT2;0
LGNCCRNt;0
LIPOti;0
L_LACtcm;0
L_LACtm;0
LNS14DM;0
LS3;0
LTDCL;0
LYSMTF1n;0
LYSMTF2n;0
LYSMTF3n;0
M4ATAer;0
M4BET2er;0
MALTly;0
MAN1_6B1er;0
MAN1_7Ber;0
MAN2_6B1er;0
MAN2_7Cer;0
MAOLNOR;0
MCDp;0
MCOATA;0
MCOATAm;0
MELATN23DOX;0
MEOHtr;0
MESCOALm;0
MGACONm;0
MI13456PK;0
MI13456Ptn;0
MI1345PKn;0
MI1346PKn;0
MI1346Ptn;0
MI134PK;0
MI1456PKn;0
MI145P6Kn;0
MI145PKn;0
MI3456PK;0
MICITDr;0
MINOHPtn;0
MLTG1;0
MLTG1ly;0
MMCD;0
MMCDp;0
NABTNO;0
NABTNOm;0
NADK;0
NADPN;0
NAt3_1g;0
NDPK10m;0
NDPK9m;0
NIFEDIPINEte;0
NMNATm;0
NMPTRCOX;0
NNATm;0
NRVNCCPT1;0
NRVNCCPT2;0
NRVNCCRNt;0
NTD12;0
NTD2l;0
NTD3l;0
NTD4l;0
NTD5l;0
NTD6l;0
NTD7l;0
NTD8l;0
NTD9l;0
NTMELYStner;0
NTPP10;0
NTPP11;0
NTPP9;0
P4503A4;0
P4503A43r;0
P4504B1r;0
P4504F121r;0
P4504F122r;0
P4504F81r;0
P450LTB4r;0
PCLYSOX;0
PDE1g;0
PDE4g;0
PE_HStg;0
PECGONCOATr;0
PEPLYStn;0
PGDIr;0
PGESr;0
PGLYCP;0
PHETA1;0
PHETA1m;0
PI45PLCn;0
PI4P3Ker;0
PI5P3Ker;0
PIt2m;0
PLA2;0
PLYSPSer;0
PMI12346PH;0
PMI12346PHn;0
PMI1346PH;0
PMI1346PHn;0
PNTKm;0
PPA2;0
PPA2m;0
PPMI12346Ptn;0
PPMI1346Ptn;0
PPOR;0
PPPItn;0
PROAKGOX1r;0
PRODt2rL;0
PROt2rL;0
PROtm;0
PRPNCOAHYDx;0
PS_HSter;0
PS_HStg;0
PTE2x;0
PTE5x;0
PTHPS;0
PTHPSn;0
PTRCAT1;0
PYAM5Ptm;0
PYDX5Ptm;0
PYLALDOX;0
PYLALDOXm;0
QUILSYN;0
RAtn;0
RBK_D;0
RETNCOA;0
RTOT_2;0
RTOT_3;0
RTOT1;0
RTOT2;0
RTOT3;0
RTOT4;0
RTOT5;0
RTOT6;0
RTOTAL2CRNCPT1;0
RTOTAL2CRNCPT2;0
RTOTAL2CRNt;0
RTOTAL3CRNCPT1;0
RTOTAL3CRNCPT2;0
RTOTAL3CRNt;0
RTOTALCRNCPT1;0
RTOTALCRNCPT2;0
RTOTALCRNt;0
Rtotaltp;0
S2T1g;0
S2T2g;0
S2T3g;0
S2T4g;0
S3T1g;0
S3T2g;0
S3T3g;0
S4T1g;0
S4T2g;0
S4T3g;0
S4T4g;0
S4T5g;0
S4T6g;0
S6T19g;0
S6T20g;0
S6T21g;0
S6T22g;0
S6T23g;0
S6T24g;0
S6T25g;0
SALMCOM;0
SARCOXp;0
SARCStp;0
SEAHCYSHYD;0
SEAHCYStn;0
SEASMETtn;0
SELADT;0
SELCYSLY;0
SELCYSLY2;0
SELCYSTGL;0
SELCYSTS;0
SELMETAT;0
SELNPS;0
SELt4_3;0
SGPL11r;0
SIAASE;0
SLDxm;0
SOAT11;0
SOAT11r;0
SOAT12;0
SOAT12r;0
SPR;0
SPRn;0
SRTN23OX;0
SRTNACT;0
SRTNMTX;0
STS1r;0
STS2r;0
T2M26DCOAHLm;0
T2M26DCOAHLx;0
T4HCINNOX;0
TDPDRE;0
TDPDRR;0
TDPGDH;0
TETPENT3CPT1;0
TETPENT3CPT2;0
TETPENT3CRNt;0
TETPENT6CPT1;0
TETPENT6CPT2;0
TETPENT6CRNt;0
TETTET6CPT1;0
TETTET6CPT2;0
TETTET6CRNt;0
THMt2m;0
THRS;0
THYMDtl;0
TMABADH;0
TMLYSOX;0
TMLYSter;0
TREH;0
TRYPTAOX;0
TS3;0
UDPGALt2g;0
UDPGLCAtg;0
UDPGLCtg;0
UDPGLDCg;0
UDPXYLter;0
UDPXYLtg;0
UGALNACter;0
UGT1A7r;0
UGT1A8r;0
Uritl;0
UTPtn;0
VITD2Hm;0
VITD2t;0
VITD2tm;0
WHTSTSTERONEte;0
XOL7AH2tr;0
XOLDIOLONEtm;0
XOLESTte;0
XOLTRIOLtr;0
XSERtg;0
XYLTer;0
EX_HC01440(e);0
EX_HC01441(e);0
EX_HC01446(e);0
EX_HC01577(e);0
EX_HC01700(e);0
EX_HC02160(e);0
EX_HC02161(e);0
r0001;0
r0023;0
r0024;0
r0120;0
r0121;0
r0205;0
r0220;0
r0221;0
r0318;0
r0319;0
r0366;0
r0368;0
r0380;0
r0402;0
r0430;0
r0431;0
r0432;0
r0433;0
r0438;0
r0439;0
r0440;0
r0444;0
r0445;0
r0446;0
r0465;0
r0466;0
r0510;0
r0511;0
r0537;0
r0546;0
r0548;0
r0598;0
r0625;0
r0626;0
r0648;0
r0649;0
r0673;0
r0678;0
r0681;0
r0682;0
r0691;0
r0692;0
r0693;0
r0694;0
r0695;0
r0696;0
r0697;0
r0701;0
r0702;0
r0708;0
r0709;0
r0712;0
r0713;0
r0737;0
r0760;0
r0761;0
r0762;0
r0763;0
r0764;0
r0765;0
r0766;0
r0767;0
r0768;0
r0769;0
r0770;0
r0771;0
r0772;0
r0773;0
r0775;0
r0776;0
r0777;0
r0778;0
r0786;0
r0800;0
r0802;0
r0803;0
r0804;0
r0805;0
r0806;0
r0807;0
r0808;0
r0825;0
r0826;0
r0859;0
r0886;0
r0925;0
r0927;0
r0947;0
r0988;0
r0992;0
r1000;0
r1001;0
r1002;0
r1003;0
r1004;0
r1005;0
r1006;0
r1021;0
r1027;0
r1033;0
r1034;0
r1048;0
r1049;0
r1054;0
r1055;0
r1056;0
r1057;0
r1059;0
r1061;0
r1062;0
r1063;0
r1064;0
r1067;0
r1068;0
r1071;0
r1073;0
r1074;0
r1076;0
r1077;0
r1080;0
r1081;0
r1082;0
r1092;0
r1093;0
r1094;0
r1095;0
r1096;0
r1097;0
r1098;0
r1099;0
r1100;0
r1101;0
r1102;0
r1103;0
r1104;0
r1105;0
r1112;0
r1113;0
r1127;0
r1128;0
r1129;0
r1130;0
r1131;0
r1132;0
r1133;0
r1134;0
r1135;0
r1136;0
r1137;0
r1140;0
r1146;0
r1159;0
r1165;0
r1166;0
r1169;0
r1170;0
r1171;0
r1173;0
r1174;0
r1175;0
r1176;0
r1178;0
r1180;0
r1181;0
r1182;0
r1183;0
r1184;0
r1185;0
r1186;0
r1187;0
r1188;0
r1189;0
r1190;0
r1251;0
r1253;0
r1290;0
r1293;0
r1294;0
r1313;0
r1314;0
r1315;0
r1316;0
r1317;0
r1319;0
r1320;0
r1321;0
r1322;0
r1323;0
r1324;0
r1325;0
r1326;0
r1327;0
r1328;0
r1329;0
r1330;0
r1331;0
r1332;0
r1333;0
r1334;0
r1335;0
r1336;0
r1337;0
r1338;0
r1339;0
r1340;0
r1341;0
r1342;0
r1343;0
r1344;0
r1345;0
r1346;0
r1347;0
r1348;0
r1349;0
r1350;0
r1351;0
r1352;0
r1353;0
r1354;0
r1355;0
r1356;0
r1357;0
r1358;0
r1359;0
r1382;0
r1383;0
r1386;0
r1391;0
r1392;0
r1393;0
r1394;0
r1395;0
r1398;0
r1399;0
r1402;0
r1403;0
r1411;0
r1430;0
r1432;0
r1436;0
r1437;0
r1440;0
r1441;0
r1457;0
r1468;0
r1472;0
r1474;0
r1477;0
r1479;0
r1481;0
r1501;0
r1502;0
r1503;0
r1526;0
r1531;0
r1532;0
r1533;0
r2143;0
r2146;0
r2147;0
r2148;0
r2149;0
r2151;0
r2152;0
r2153;0
r2154;0
r2155;0
r2156;0
r2157;0
r2158;0
r2159;0
r2160;0
r2161;0
r2162;0
r2163;0
r2164;0
r2165;0
r2166;0
r2167;0
r2168;0
r2169;0
r2170;0
r2171;0
r2172;0
r2173;0
r2174;0
r2175;0
r2176;0
r2177;0
r2178;0
r2179;0
r2180;0
r2181;0
r2182;0
r2183;0
r2184;0
r2185;0
r2186;0
r2187;0
r2188;0
r2189;0
r2190;0
r2191;0
r2192;0
r2203;0
r2204;0
r2205;0
r2206;0
r2207;0
r2208;0
r2209;0
r2210;0
r2211;0
r2212;0
r2213;0
r2214;0
r2215;0
r2216;0
r2217;0
r2218;0
r2219;0
r2220;0
r2221;0
r2222;0
r2223;0
r2224;0
r2225;0
r2226;0
r2227;0
r2228;0
r2229;0
r2230;0
r2231;0
r2232;0
r2233;0
r2234;0
r2235;0
r2236;0
r2237;0
r2238;0
r2239;0
r2240;0
r2241;0
r2242;0
r2243;0
r2244;0
r2245;0
r2246;0
r2247;0
r2248;0
r2249;0
r2250;0
r2251;0
r2252;0
r2253;0
r2254;0
r2255;0
r2256;0
r2257;0
r2258;0
r2259;0
r2260;0
r2261;0
r2262;0
r2263;0
r2264;0
r2265;0
r2266;0
r2267;0
r2268;0
r2269;0
r2270;0
r2271;0
r2272;0
r2273;0
r2274;0
r2275;0
r2276;0
r2277;0
r2278;0
r2279;0
r2280;0
r2281;0
r2282;0
r2283;0
r2284;0
r2285;0
r2286;0
r2287;0
r2288;0
r2289;0
r2290;0
r2291;0
r2292;0
r2293;0
r2294;0
r2295;0
r2296;0
r2297;0
r2298;0
r2299;0
r2300;0
r2301;0
r2302;0
r2303;0
r2304;0
r2305;0
r2306;0
r2307;0
r2436;0
r2438;0
r2482;0
r2483;0
r2484;0
r2485;0
r2486;0
r2487;0
r2488;0
r2489;0
r2490;0
r2491;0
r2492;0
r2493;0
r2494;0
r2495;0
r2496;0
r2498;0
r2502;0
EX_so3(e);0
RE0066C;0
RE0066M;0
RE0066R;0
RE0124C;0
RE0344M;0
RE0344X;0
RE0452N;0
RE0456N;0
RE0512C;0
RE0512X;0
RE0549C;0
RE0569C;0
RE0570C;0
RE0571C;0
RE0572N;0
RE0573N;0
RE0574C;0
RE0575C;0
RE0576C;0
RE0577M;0
RE0577X;0
RE0578C;0
RE0578M;0
RE0578X;0
RE0579C;0
RE0579M;0
RE0579X;0
RE0580L;0
RE0580R;0
RE0581C;0
RE0581R;0
RE0582N;0
RE0583N;0
RE0688C;0
RE0688X;0
RE0689C;0
RE0689X;0
RE0690C;0
RE0690X;0
RE0702C;0
RE0702L;0
RE0702M;0
RE0702N;0
RE0827C;0
RE0827X;0
RE0828C;0
RE0828X;0
RE0864C;0
RE0875C;0
RE0908G;0
RE0908R;0
RE0915C;0
RE0916C;0
RE0916G;0
RE0916R;0
RE0918C;0
RE0918G;0
RE0918R;0
RE0919C;0
RE0919R;0
RE0920C;0
RE0920R;0
RE0921C;0
RE0921R;0
RE0922C;0
RE0922R;0
RE0923C;0
RE0923R;0
RE0924C;0
RE0924R;0
RE0925C;0
RE0925R;0
RE0926C;0
RE0927C;0
RE0927R;0
RE0928C;0
RE0928R;0
RE0935C;0
RE0936C;0
RE0937C;0
RE0938C;0
RE0944C;0
RE0958C;0
RE1050C;0
RE1050E;0
RE1050L;0
RE1050N;0
RE1062C;0
RE1062M;0
RE1063C;0
RE1064C;0
RE1077C;0
RE1096C;0
RE1096M;0
RE1096R;0
RE1099C;0
RE1099G;0
RE1099L;0
RE1099R;0
RE1100G;0
RE1100L;0
RE1100R;0
RE1134C;0
RE1134M;0
RE1134R;0
RE1135G;0
RE1135L;0
RE1135R;0
RE1233M;0
RE1234C;0
RE1235C;0
RE1236C;0
RE1238X;0
RE1240C;0
RE1266C;0
RE1308C;0
RE1308M;0
RE1309C;0
RE1309M;0
RE1310C;0
RE1310M;0
RE1311C;0
RE1311M;0
RE1317C;0
RE1441G;0
RE1473C;0
RE1508C;0
RE1514M;0
RE1514X;0
RE1516X;0
RE1517X;0
RE1518X;0
RE1519X;0
RE1520X;0
RE1521X;0
RE1522X;0
RE1523X;0
RE1525C;0
RE1525X;0
RE1526C;0
RE1526X;0
RE1527C;0
RE1527X;0
RE1531X;0
RE1532X;0
RE1533X;0
RE1534X;0
RE1537C;0
RE1537X;0
RE1538C;0
RE1538X;0
RE1539C;0
RE1539X;0
RE1573X;0
RE1582C;0
RE1582L;0
RE1582R;0
RE1587C;0
RE1587L;0
RE1587R;0
RE1627C;0
RE1628C;0
RE1629C;0
RE1630C;0
RE1630R;0
RE1631C;0
RE1632C;0
RE1632R;0
RE1635C;0
RE1635M;0
RE1635R;0
RE1635X;0
RE1651C;0
RE1653C;0
RE1699C;0
RE1700C;0
RE1701C;0
RE1702C;0
RE1711C;0
RE1711M;0
RE1796C;0
RE1803C;0
RE1806C;0
RE1806R;0
RE1808R;0
RE1809C;0
RE1809R;0
RE1811C;0
RE1811R;0
RE1812C;0
RE1812R;0
RE1815C;0
RE1815M;0
RE1815R;0
RE1815X;0
RE1816C;0
RE1816M;0
RE1816R;0
RE1816X;0
RE1817C;0
RE1817M;0
RE1817R;0
RE1817X;0
RE1818C;0
RE1818M;0
RE1818R;0
RE1818X;0
RE1819C;0
RE1819M;0
RE1819X;0
RE1826M;0
RE1827C;0
RE1827M;0
RE1828C;0
RE1828M;0
RE1829C;0
RE1829M;0
RE1830C;0
RE1830M;0
RE1834M;0
RE1834X;0
RE1835M;0
RE1835X;0
RE1836C;0
RE1836M;0
RE1846C;0
RE1846X;0
RE1860C;0
RE1899C;0
RE1904C;0
RE1904R;0
RE1905C;0
RE1905R;0
RE1906C;0
RE1906R;0
RE1907C;0
RE1915C;0
RE1916C;0
RE1916X;0
RE1917C;0
RE1918C;0
RE1919C;0
RE1920C;0
RE1921C;0
RE1922C;0
RE1923C;0
RE1925C;0
RE1927C;0
RE1933C;0
RE1938C;0
RE1938R;0
RE1941C;0
RE1941R;0
RE1942C;0
RE1942R;0
RE1943C;0
RE1943R;0
RE1944C;0
RE1952C;0
RE1952R;0
RE1952X;0
RE1954C;0
RE1956C;0
RE1956R;0
RE1956X;0
RE1957G;0
RE1978C;0
RE2026C;0
RE2027C;0
RE2028C;0
RE2029C;0
RE2030M;0
RE2031M;0
RE2032M;0
RE2034C;0
RE2040C;0
RE2041C;0
RE2048N;0
RE2048R;0
RE2049C;0
RE2050C;0
RE2050R;0
RE2051C;0
RE2051G;0
RE2051R;0
RE2067C;0
RE2068C;0
RE2070C;0
RE2078M;0
RE2080C;0
RE2081C;0
RE2111M;0
RE2112C;0
RE2112R;0
RE2117M;0
RE2122C;0
RE2124C;0
RE2127C;0
RE2128C;0
RE2129C;0
RE2130C;0
RE2131C;0
RE2132C;0
RE2133C;0
RE2138C;0
RE2139C;0
RE2140C;0
RE2141C;0
RE2146C;0
RE2146R;0
RE2147R;0
RE2149C;0
RE2149R;0
RE2150C;0
RE2150R;0
RE2151C;0
RE2151R;0
RE2152C;0
RE2154C;0
RE2155C;0
RE2155R;0
RE2156M;0
RE2202C;0
RE2203C;0
RE2220C;0
RE2221C;0
RE2221M;0
RE2223M;0
RE2235C;0
RE2235R;0
RE2248C;0
RE2249C;0
RE2250C;0
RE2251C;0
RE2252C;0
RE2265C;0
RE2269C;0
RE2270C;0
RE2272C;0
RE2272L;0
RE2273C;0
RE2292C;0
RE2296C;0
RE2296X;0
RE2306C;0
RE2318C;0
RE2318M;0
RE2318R;0
RE2318X;0
RE2319C;0
RE2319M;0
RE2319R;0
RE2319X;0
RE2327C;0
RE2333C;0
RE2334C;0
RE2335C;0
RE2346C;0
RE2349M;0
RE2360C;0
RE2360N;0
RE2373C;0
RE2375C;0
RE2377C;0
RE2382C;0
RE2382R;0
RE2383C;0
RE2383R;0
RE2384C;0
RE2386C;0
RE2387C;0
RE2387R;0
RE2398C;0
RE2398R;0
RE2404R;0
RE2405R;0
RE2407C;0
RE2410C;0
RE2410N;0
RE2427M;0
RE2428M;0
RE2429M;0
RE2439C;0
RE2440C;0
RE2442C;0
RE2443C;0
RE2443M;0
RE2444C;0
RE2445C;0
RE2452C;0
RE2453M;0
RE2454M;0
RE2459C;0
RE2474C;0
RE2474R;0
RE2476C;0
RE2477C;0
RE2493C;0
RE2513C;0
RE2513L;0
RE2513N;0
RE2514C;0
RE2514L;0
RE2514N;0
RE2520C;0
RE2521C;0
RE2522C;0
RE2522X;0
RE2523C;0
RE2523X;0
RE2524C;0
RE2524X;0
RE2525C;0
RE2525X;0
RE2526C;0
RE2533C;0
RE2541L;0
RE2562C;0
RE2563C;0
RE2591C;0
RE2594C;0
RE2596C;0
RE2601C;0
RE2605C;0
RE2622C;0
RE2622R;0
RE2624M;0
RE2624X;0
RE2632C;0
RE2632M;0
RE2633C;0
RE2633R;0
RE2635C;0
RE2635R;0
RE2636C;0
RE2636R;0
RE2637C;0
RE2637X;0
RE2638C;0
RE2638X;0
RE2640C;0
RE2642C;0
RE2644C;0
RE2649X;0
RE2658C;0
RE2677N;0
RE2677R;0
RE2680C;0
RE2680G;0
RE2704C;0
RE2705C;0
RE2717L;0
RE2718C;0
RE2718G;0
RE2722C;0
RE2722G;0
RE2746C;0
RE2766C;0
RE2768C;0
RE2768M;0
RE2768R;0
RE2782C;0
RE2813C;0
RE2848C;0
RE2849C;0
RE2850C;0
RE2851C;0
RE2852C;0
RE2853C;0
RE2854C;0
RE2856C;0
RE2857C;0
RE2858C;0
RE2859C;0
RE2860C;0
RE2861C;0
RE2862C;0
RE2863C;0
RE2864C;0
RE2865C;0
RE2866C;0
RE2867C;0
RE2868C;0
RE2869C;0
RE2870C;0
RE2871C;0
RE2872C;0
RE2873C;0
RE2874C;0
RE2875C;0
RE2876C;0
RE2877C;0
RE2878C;0
RE2880C;0
RE2888C;0
RE2888N;0
RE2897C;0
RE2898C;0
RE2899C;0
RE2908C;0
RE2908M;0
RE2908X;0
RE2909C;0
RE2909M;0
RE2909X;0
RE2910C;0
RE2910M;0
RE2910X;0
RE2911C;0
RE2912M;0
RE2912X;0
RE2913M;0
RE2913X;0
RE2914M;0
RE2914X;0
RE2915M;0
RE2915X;0
RE2916M;0
RE2916X;0
RE2917M;0
RE2917X;0
RE2919M;0
RE2919X;0
RE2920M;0
RE2920X;0
RE2921M;0
RE2921X;0
RE2948C;0
RE2958C;0
RE2972G;0
RE2972R;0
RE2973G;0
RE2974G;0
RE2975C;0
RE2975M;0
RE2977C;0
RE2985M;0
RE2989X;0
RE2990X;0
RE2991X;0
RE2992M;0
RE2992X;0
RE2993X;0
RE2994X;0
RE2995M;0
RE2995X;0
RE2997X;0
RE3010C;0
RE3010M;0
RE3010R;0
RE3010X;0
RE3011M;0
RE3012C;0
RE3012M;0
RE3013C;0
RE3013R;0
RE3014C;0
RE3015C;0
RE3018C;0
RE3018R;0
RE3019C;0
RE3019R;0
RE3020C;0
RE3020R;0
RE3021C;0
RE3022C;0
RE3033C;0
RE3033N;0
RE3033R;0
RE3036C;0
RE3036N;0
RE3038C;0
RE3038N;0
RE3038R;0
RE3038X;0
RE3039C;0
RE3040C;0
RE3040R;0
RE3040X;0
RE3041C;0
RE3041N;0
RE3044C;0
RE3044N;0
RE3045C;0
RE3051C;0
RE3052C;0
RE3053C;0
RE3066X;0
RE3072X;0
RE3073X;0
RE3075C;0
RE3075X;0
RE3076X;0
RE3079C;0
RE3081X;0
RE3082X;0
RE3083X;0
RE3084X;0
RE3086X;0
RE3087X;0
RE3088X;0
RE3089X;0
RE3090X;0
RE3092X;0
RE3093X;0
RE3095C;0
RE3095L;0
RE3095X;0
RE3097X;0
RE3103C;0
RE3103R;0
RE3104C;0
RE3104R;0
RE3106C;0
RE3106R;0
RE3108C;0
RE3110C;0
RE3110R;0
RE3111C;0
RE3111M;0
RE3111R;0
RE3112C;0
RE3112R;0
RE3113C;0
RE3113R;0
RE3114R;0
RE3119C;0
RE3119R;0
RE3120C;0
RE3120R;0
RE3121C;0
RE3121R;0
RE3122C;0
RE3122R;0
RE3123C;0
RE3123R;0
RE3124C;0
RE3124R;0
RE3125C;0
RE3125R;0
RE3126C;0
RE3126R;0
RE3129N;0
RE3132C;0
RE3132R;0
RE3134C;0
RE3134R;0
RE3136C;0
RE3139X;0
RE3140X;0
RE3141X;0
RE3144C;0
RE3144M;0
RE3145X;0
RE3146C;0
RE3146R;0
RE3147C;0
RE3147R;0
RE3148C;0
RE3148R;0
RE3150C;0
RE3150R;0
RE3151C;0
RE3151R;0
RE3152C;0
RE3152R;0
RE3153C;0
RE3153R;0
RE3154C;0
RE3154R;0
RE3155C;0
RE3155R;0
RE3156X;0
RE3157X;0
RE3158X;0
RE3159X;0
RE3160C;0
RE3160R;0
RE3161C;0
RE3161R;0
RE3162C;0
RE3162R;0
RE3163C;0
RE3163R;0
RE3164C;0
RE3164R;0
RE3165C;0
RE3165R;0
RE3166C;0
RE3166R;0
RE3167C;0
RE3167R;0
RE3168C;0
RE3168R;0
RE3169C;0
RE3169R;0
RE3170C;0
RE3170R;0
RE3171C;0
RE3171R;0
RE3172C;0
RE3172R;0
RE3173C;0
RE3173R;0
RE3174C;0
RE3174R;0
RE3175C;0
RE3175R;0
RE3176C;0
RE3176R;0
RE3177M;0
RE3178M;0
RE3179M;0
RE3180C;0
RE3181C;0
RE3184M;0
RE3185M;0
RE3186M;0
RE3189M;0
RE3190M;0
RE3191M;0
RE3192M;0
RE3193M;0
RE3194M;0
RE3195M;0
RE3201C;0
RE3218L;0
RE3218R;0
RE3220C;0
RE3220L;0
RE3220R;0
RE3224C;0
RE3224R;0
RE3225C;0
RE3225R;0
RE3226C;0
RE3226R;0
RE3227C;0
RE3227R;0
RE3228C;0
RE3228R;0
RE3229C;0
RE3229R;0
RE3230C;0
RE3230R;0
RE3231C;0
RE3231R;0
RE3232C;0
RE3232R;0
RE3233C;0
RE3233G;0
RE3233L;0
RE3234C;0
RE3234R;0
RE3235C;0
RE3235R;0
RE3236C;0
RE3236R;0
RE3237C;0
RE3238C;0
RE3239C;0
RE3247M;0
RE3247X;0
RE3248M;0
RE3248X;0
RE3250C;0
RE3250M;0
RE3250X;0
RE3251M;0
RE3258C;0
RE3258R;0
RE3259C;0
RE3259R;0
RE3260C;0
RE3260R;0
RE3261C;0
RE3261R;0
RE3263C;0
RE3264C;0
RE3264R;0
RE3265C;0
RE3265R;0
RE3267E;0
RE3267G;0
RE3267M;0
RE3267N;0
RE3267R;0
RE3268C;0
RE3273G;0
RE3273R;0
RE3286C;0
RE3286R;0
RE3287C;0
RE3287R;0
RE3288C;0
RE3288R;0
RE3289C;0
RE3289R;0
RE3295C;0
RE3301G;0
RE3301R;0
RE3307C;0
RE3307M;0
RE3307X;0
RE3308C;0
RE3308M;0
RE3308R;0
RE3308X;0
RE3310C;0
RE3310R;0
RE3334M;0
RE3334X;0
RE3335C;0
RE3335M;0
RE3335R;0
RE3335X;0
RE3336M;0
RE3336X;0
RE3337M;0
RE3337X;0
RE3338C;0
RE3338M;0
RE3338X;0
RE3339C;0
RE3339M;0
RE3339X;0
RE3340C;0
RE3340M;0
RE3340X;0
RE3341M;0
RE3341X;0
RE3342M;0
RE3342X;0
RE3343C;0
RE3343M;0
RE3343X;0
RE3344M;0
RE3344X;0
RE3345C;0
RE3345M;0
RE3345R;0
RE3345X;0
RE3346R;0
RE3352C;0
RE3367C;0
RE3367X;0
RE3370C;0
RE3370R;0
RE3372C;0
RE3378C;0
RE3381L;0
RE3383M;0
RE3384M;0
RE3385M;0
RE3386M;0
RE3387M;0
RE3388M;0
RE3389M;0
RE3390M;0
RE3391M;0
RE3392M;0
RE3393M;0
RE3394M;0
RE3395M;0
RE3396M;0
RE3397M;0
RE3398M;0
RE3399M;0
RE3400M;0
RE3401M;0
RE3402M;0
RE3403M;0
RE3404M;0
RE3407C;0
RE3408C;0
RE3409C;0
RE3410C;0
RE3411C;0
RE3412C;0
RE3413C;0
RE3414C;0
RE3415C;0
RE3417C;0
RE3420C;0
RE3421M;0
RE3422C;0
RE3423C;0
RE3430C;0
RE3430M;0
RE3430X;0
RE3431C;0
RE3432C;0
RE3432M;0
RE3432X;0
RE3434C;0
RE3434R;0
RE3435C;0
RE3435R;0
RE3436C;0
RE3436R;0
RE3437C;0
RE3440C;0
RE3440R;0
RE3443M;0
RE3443X;0
RE3444C;0
RE3444M;0
RE3444X;0
RE3445M;0
RE3445X;0
RE3446C;0
RE3446M;0
RE3446R;0
RE3446X;0
RE3447M;0
RE3447X;0
RE3448C;0
RE3448M;0
RE3448X;0
RE3449C;0
RE3450C;0
RE3451C;0
RE3452C;0
RE3453C;0
RE3454C;0
RE3455C;0
RE3456C;0
RE3457C;0
RE3458C;0
RE3459C;0
RE3460C;0
RE3464C;0
RE3464R;0
RE3469C;0
RE3470C;0
RE3470M;0
RE3470X;0
RE3474C;0
RE3474R;0
RE3475C;0
RE3475N;0
RE3476C;0
RE3476M;0
RE3476X;0
RE3477C;0
RE3485C;0
RE3485N;0
RE3486C;0
RE3488C;0
RE3488N;0
RE3488R;0
RE3488X;0
RE3490C;0
RE3491C;0
RE3492C;0
RE3493C;0
RE3494C;0
RE3495C;0
RE3496C;0
RE3496N;0
RE3498N;0
RE3498R;0
RE3499C;0
RE3500C;0
RE3500R;0
RE3500X;0
RE3501C;0
RE3501R;0
RE3501X;0
RE3502C;0
RE3502X;0
RE3503C;0
RE3503N;0
RE3506C;0
RE3506R;0
RE3511C;0
RE3511M;0
RE3511R;0
RE3513C;0
RE3513N;0
RE3513R;0
RE3514C;0
RE3514R;0
RE3515C;0
RE3518C;0
RE3518R;0
RE3519C;0
RE3519R;0
RE3519X;0
RE3520C;0
RE3520M;0
RE3520N;0
RE3521C;0
RE3521M;0
RE3521R;0
RE3521X;0
RE3522C;0
RE3522R;0
RE3525C;0
RE3525M;0
RE3525N;0
RE3525R;0
RE3525X;0
RE3526C;0
RE3526M;0
RE3526X;0
RE3532C;0
RE3532M;0
RE3532R;0
RE3533C;0
RE3533M;0
RE3533R;0
RE3534C;0
RE3534M;0
RE3534R;0
RE3535R;0
RE3536C;0
RE3537C;0
RE3550X;0
RE3551X;0
RE3552X;0
RE3554C;0
RE3554M;0
RE3554R;0
RE3557C;0
RE3557M;0
RE3557R;0
RE3559M;0
RE3559X;0
RE3560C;0
RE3560M;0
RE3560X;0
RE3561M;0
RE3561X;0
RE3562C;0
RE3562M;0
RE3562R;0
RE3562X;0
RE3563M;0
RE3563X;0
RE3564C;0
RE3564M;0
RE3564X;0
RE3570C;0
RE3571C;0
RE3571R;0
RE3572X;0
RE3573X;0
RE3574X;0
RE3575X;0
RE3576X;0
RE3577X;0
RE3578X;0
RE3580X;0
RE3581X;0
RE3582X;0
RE3583X;0
RE3586X;0
RE3587C;0
RE3587N;0
RE3596C;0
RE3596M;0
RE3596X;0
RE3597C;0
RE3597M;0
RE3597X;0
RE3624X;0
RE3627C;0
RE3627X;0
RE3631C;0
RE3633C;0
RE3636C;0
RE3637C;0
RN0001C;0
RN0001R;0
RN0002N;0
RN0002R;0
RN0013C;0
RN0014R;0
RN0020C;0
RN0020R;0
RN0021C;0
RN0021R;0
RN0021X;0
RN0022C;0
RN0022R;0
RN0022X;0
RN0023C;0
RN0023R;0
RN0023X;0
RN0027C;0
RN0027R;0
RN0028C;0
RN0028R;0
RN0028X;0
RN0029C;0
RN0029R;0
RN0030C;0
RN0030R;0
RN0031C;0
RN0031R;0
RN0031X;0
RN0032C;0
RN0032R;0
EX_HC00955(e);0
EX_HC00001(e);0
EX_HC00002(e);0
EX_HC00003(e);0
EX_HC00004(e);0
EX_HC01787(e);0
EX_HC01852(e);0
EX_HC01939(e);0
EX_HC01942(e);0
EX_HC01943(e);0
EX_HC01944(e);0
EX_HC02192(e);0
EX_HC02193(e);0
EX_HC02195(e);0
EX_HC02196(e);0
EX_HC02220(e);0
EX_HC02154(e);0
EX_HC02175(e);0
EX_HC02199(e);0
EX_HC02200(e);0
EX_HC02201(e);0
EX_HC02172(e);0
EX_HC02191(e);0
EX_HC02194(e);0
EX_HC02197(e);0
EX_HC02198(e);0
EX_HC02187(e);0
EX_HC02180(e);0
EX_HC02179(e);0
EX_HC02208(e);0
EX_HC02210(e);0
EX_HC02213(e);0
EX_HC02214(e);0
EX_HC02216(e);0
EX_HC02217(e);0
EX_CE1950(e);0
EX_cynt(e);0
EX_cdpea(e);0
EX_12dgr120(e);0
FAOXC11BRC9BRx;0
FAOXC13BRC11BRx;0
FAOXC15BRC13BRx;0
FAOXC9BRC7BRm;0
CARhPTtc;0
HIShPTtc;0
BIDGLCURr;0
EX_adpcbl(e);0
EX_oh1(e);0
FADtm;0
NADtm;0
